<?xml version="1.0" encoding="UTF-8"?>
<beans xmlns="http://www.springframework.org/schema/beans"
	xmlns:jdbc="http://www.springframework.org/schema/jdbc" 
	xmlns:xsi="http://www.w3.org/2001/XMLSchema-instance"
	xmlns:tx="http://www.springframework.org/schema/tx"
	xsi:schemaLocation="http://www.springframework.org/schema/beans http://www.springframework.org/schema/beans/spring-beans.xsd
		http://www.springframework.org/schema/jdbc http://www.springframework.org/schema/jdbc/spring-jdbc-3.0.xsd
		http://www.springframework.org/schema/tx
        http://www.springframework.org/schema/tx/spring-tx.xsd">
	
	<bean id="dataSource"
		class="org.springframework.jdbc.datasource.DriverManagerDataSource">
		<property name="driverClassName" value="com.mysql.jdbc.Driver" />
		<property name="url" value="jdbc:mysql://localhost:3306/test" />
		<property name="username" value="root" />
		<property name="password" value="winix123" />
	</bean>
	
	<bean id="sessionFactory"
		class="org.springframework.orm.hibernate4.LocalSessionFactoryBean">
		<property name="dataSource" ref="dataSource" />
		<property name="mappingResources">
			<list>
				<value>emp.hbm.xml</value>
				
			</list>
		</property>
		<property name="configLocation" value="classpath:hibernate.cfg.xml" />
	</bean>
	
	<bean id="hibernateTemplate" class="org.springframework.orm.hibernate4.HibernateTemplate">
		<property name="sessionFactory" ref="sessionFactory" />
	</bean>
	
	<bean id="hibernateSession" class="com.javarticles.spring.hibernate.SpringHibernateSession">
		<property name="sessionFactory" ref="sessionFactory" />
	</bean>

	<bean id="springHibernateTemplate" class="com.javarticles.spring.hibernate.SpringHibernateTemplate">
		<property name="hibernateTemplate" ref="hibernateTemplate" />
	</bean>
	
	<bean id="hibernateCallbackExample" class="com.javarticles.spring.hibernate.HibernateCallbackExample">
		<property name="hibernateTemplate" ref="hibernateTemplate" />
	</bean>
	
	<bean id="tableJoinDemo" class="com.javarticles.spring.hibernate.TableJoinDemo">
		<property name="hibernateTemplate" ref="hibernateTemplate" />
	</bean>
	
	<bean id="springTxnUsingHibernate" class="com.javarticles.spring.hibernate.SpringTxnUsingHibernate">
		<property name="sessionFactory" ref="sessionFactory" />
	</bean>
	
	<tx:annotation-driven/>
	
	<bean id="transactionManager" class="org.springframework.orm.hibernate4.HibernateTransactionManager">
		<property name="sessionFactory" ref="sessionFactory"/>
	</bean>
	
</beans>
