<!DOCTYPE hibernate-mapping
PUBLIC "-//Hibernate/Hibernate Mapping DTD 3.0//EN"
"http://hibernate.sourceforge.net/hibernate-mapping-3.0.dtd">

<hibernate-mapping package="com.javarticles.spring.hibernate">

	<class name="Employee" table="EMPLOYEE">
		<id name="id" type="long" column="ID">
			<generator class="identity" />
		</id>
		<property name="name" type="string">
			<column name="NAME" length="100" not-null="true" />
		</property>
		<property name="contact" type="string">
			<column name="CONTACT" length="100" not-null="true"/>
		</property>
	</class>
	
	<class name="Dept" table="DEPT">
		<id name="id" type="long" column="ID">	</id>
		<property name="name" type="string">
			<column name="DNAME" length="20" not-null="true" />
		</property>
		<property name="loc" type="string">
			<column name="loc" length="40" not-null="true"/>
		</property>
	</class>
	
	<class name="Emp" table="EMP">
		<id name="id" type="long" column="ID">
			<generator class="identity" />
		</id>
		<property name="ename" type="string">
			<column name="ENAME" length="20" not-null="true" />
		</property>
		<property name="job" type="string">
			<column name="JOB" length="10" not-null="true"/>
		</property>
		<property name="hiredate" type="date">
			<column name="HIREDATE" not-null="false"/>
		</property>
		<property name="mgr" type="long">
			<column name="MGR"  not-null="false"/>
		</property>
		<property name="sal" type="long">
			<column name="SAL" not-null="false"/>
		</property>
	    <property name="comm" type="long">
			<column name="COMM" not-null="false"/>
		</property>
		<property name="deptno" type="long">
			<column name="DEPTNO" not-null="false"/>
		</property>
	</class>
	
</hibernate-mapping>